OBJECTID_1,OBJECTID,Site_Name,Kebele,Woreda,Zone,Region,Ownership,Owner_Name,Area,Perimeter,Inter_Type,Species,Interv_YR,Plantin_YR,Slng_Pr_Ha,Survi_Perc,Aver_Hgt_m,Ave_DBH_cm,Rock_Perc,Wetnes_Cla,Stoni_Perc,Soi_Dth_cm,Soil_Textu,SWC_Works,Land_Hazad,Soil_Color,Weed,Illegl_Cut,Grazing,Fire,LC_Class,X_Centroid,Y_Centroid,F3D_area_h,Shape_Leng,Shape_Area
76,76,Abaramo,Ashe Kubayega,Lemo,Hadiya,SNNP,Private,,0.174244,0.163614,A/R,"Eucalyptus globulus, Acacia decurrens, Eucalyptus camaldulensis",2018,2018,1400,56,0,0,3 to 20,Slight to Moderate,0 to 2,20 to 100,"Sandy Clay Loam, Silt Loam, Clayloam",Nil to Moderate,Slight to Severe Erosion,Reddish Brown,No to Low and Medium,No,No,No,4,365067,834809,0.177766296,0.001481322,1.43E-07
75,75,Abaramo,Ashe Kubayega,Lemo,Hadiya,SNNP,Private,,0.648967,0.343963,A/R,Eucalyptus globulus,2018,2018,10600,424,0,0,20,Moderate,0,20,Clay Loam,Nil,Severe Erosion,Reddish Brown,No,No,No,No,5,365154,834950,0.659435643,0.003113487,5.32E-07
74,74,Abaramo,Ashe Kubayega,Lemo,Hadiya,SNNP,Private,,0.281863,0.243447,A/R,Eucalyptus globulus,2018,2018,4500,180,0,0,15,Moderate,15,20,Silty Loam,Nil,Moderate Flood,Brown,No,No,No,No,6,364893,834713,0.285712999,0.002204456,2.31E-07
6,6,Abbo,Anabelesa,Lemo,Hadiya,SNNP,Communal,,23.796779,3.240599,A/R,Eucalyptus camaldulensis,2018,2018,1500,60,0,0,0,Nil to Slight,0,150,Silt Loam,Nil to Moderate,Nil to Slight,"Reddish Brown, Brown",No to Low,No,No,No,2,382247,836503,24.7900203,0.029349712,1.95E-05
115,115,Abiyo,Shurmo and Dubancho,Lemo,Hadiya,SNNP,Private,,4.713462,0.886497,A/R,Eucalyptus globulus,2018,2018,5300,212,0,0,0,Moderate,0,150,Clayloam,Moderate,Moderate,Dark Brown,No,No,Medium,No,2,376923,843270,4.775622594,0.008023625,3.86E-06
91,91,Adama,Lisana Qusa,Lemo,Hadiya,SNNP,Private,,1.143497,0.450749,A/R,Cupressus lusitanica,2016,2017,1800,72,0,0,0,Slight,0,145,Silt Loam,Nil,Nil,Black,No,No,No,No,3,379690,824124,1.155538787,0.004079337,9.37E-07
73,73,Ashe,Ashe Kubayega,Lemo,Hadiya,SNNP,Private,,0.181029,0.176809,A/R,Eucalyptus globulus,2018,2018,5000,200,0,0,0,Moderate,0,20,Loamy Sand,Nil,Moderate Flood,Reddish Brown,No,No,No,No,6,367290,833919,0.182266026,0.001601125,1.48E-07
9,9,Ashe,Ashe Kubayega,Lemo,Hadiya,SNNP,Communal,,0.397155,0.30414,A/R,Eucalyptus globulus,2018,2018,2000,80,0,0,0,Moderate,0,100,Light Clay,Nil,Slight,Black,No,No,No,No,3,366758,833922,0.405913536,0.002753479,3.26E-07
43,43,Ashem,Alela,Lemo,Hadiya,SNNP,Private,,0.669077,0.335449,A/R,Eucalyptus globulus,2018,2018,2400,96,0,0,0,Slight,0,150,Silt Clay,Nil,Slight,Reddish Brown,No,No,No,No,2,368703,833266,0.690079213,0.003036441,5.48E-07
42,42,Ashem,Alela,Lemo,Hadiya,SNNP,Private,,0.095958,0.166314,A/R,Eucalyptus globulus,2018,2018,2400,96,0,0,0,Nil,0,100,Silt Clay Loam,Nil,Nil,Reddish Brown,No,No,No,No,2,368612,833403,0.098581539,0.001505115,7.86E-08
19,19,Boyo Tefa,Lay Kode,Lemo,Hadiya,SNNP,Communal,,56.92407,5.297161,A/R,Eucalyptus camaldulensis,"2017, 2018",2018,1600,64,0,0,0,Slight to Moderate,0,30 to 150,"Silt,Silt Loam",Nil,Nil,"Brown, Black",No,No,No,No,2,383578,829187,58.35180544,0.050836328,4.67E-05
44,44,Cheba,Ambicho Gode,Lemo,Hadiya,SNNP,Private,,0.141735,0.155139,A/R,No Plantation,2018,,0,0,0,0,0,Nil,0,,,,,,,,,,0,377146,837333,0.142554247,0.001405063,1.16E-07
30,30,Chore,Meseno Bako,Lemo,Hadiya,SNNP,Communal,,10.102205,1.684074,A/R,Eucalyptus camaldulensis,2018,2018,1300,52,0,0,0,Slight,2,60,Sandy,Nil,Slight to Moderate,,Low to Dense,No,No,No,3,365009,827140,10.46035561,0.015251145,8.28E-06
5,5,Damincho,Anabelesa,Lemo,Hadiya,SNNP,Communal,,20.062554,2.787618,A/R,"Eucalyptus globulus, Eucalyptus camaldulensis",2018,2018,1100,44,0,0,0 to 60,Slight to Moderate,0 to 60,100 to 150,"Silt Loam, Heavy Clay",Nil,Nil,Reddish Brown,Low,No,Low,No,2,381964,836677,20.62954049,0.025248433,1.64E-05
24,24,Danecho,Lisana Qusa,Lemo,Hadiya,SNNP,Communal,,31.088108,3.679608,A/R,"Eucalyptus saligna, Acacia saligna",2017,2017,1800,72,0,0,0,Nil to Slight,0 to 60,150,Light Clay,Nil,Moderate,Black,No,No,No,No,3,380647,824794,32.39325587,0.033292799,2.55E-05
95,95,Dechena,Lisana Qusa,Lemo,Hadiya,SNNP,Private,,4.068682,0.863652,A/R,"Acacia decurrens (Major), Eucalyptus globulus",2016,2016,1800,72,0,0,0,Slight,0,120,Silt Loam,Nil,Slight,Black,No,No,No,No,3,379015,826164,4.162808959,0.007817731,3.33E-06
27,27,Dechena,Lisana Qusa,Lemo,Hadiya,SNNP,Private,,0.225577,0.223961,A/R,Eucalyptus camaldulensis,2016,2016,2000,80,0,0,0,Slight,0,110 to 120,Silt Loam,Nil,Nil to Moderate,Light Brown,No,No,No,No,3,378217,826218,0.228743465,0.002027596,1.85E-07
117,117,Denemuma,Shurmo and Dubancho,Lemo,Hadiya,SNNP,Private,,10.165236,2.790773,A/R,Eucalyptus globulus,2018,2018,3600,144,0,0,0,Moderate,0,150,Sandy Loam,Moderate,Slight Erosion,Reddish Brown,No,No,No,No,2,377944,844038,10.57408389,0.025271062,8.33E-06
25,25,Dishamo,Lisana Qusa,Lemo,Hadiya,SNNP,Communal,,2.10456,0.857966,A/R,Eucalyptus camaldulensis,2016,2016,2000,80,0,0,0,Slight,0,110 to 125,Clay Loam,Moderate,Slight,Brown,No,No,No,No,3,380072,823514,2.184080951,0.007764694,1.72E-06
90,90,Doro,Lisana Ketema,Lemo,Hadiya,SNNP,Private,,0.152009,0.168555,A/R,No Plantation,"2017, 2018",,0,0,0,0,0,Nil,0,,,,,,,,,,0,382870,830195,0.153649806,0.001526572,1.25E-07
89,89,Doro,Lisana Ketema,Lemo,Hadiya,SNNP,Private,,0.138083,0.160124,A/R,No Plantation,"2016, 2017",,0,0,0,0,0,Nil,0,,,,,,,,,,0,382865,830225,0.142607704,0.00145011,1.13E-07
85,85,Doro,Lay Kode,Lemo,Hadiya,SNNP,Private,,0.135389,0.146895,A/R,Eucalyptus camaldulensis,"2017, 2018",2018,11300,452,0,0,0,Moderate,0,150,Silt Loam,Nil,Nil,Black,No,No,No,No,2,383079,829624,0.135964569,0.001329604,1.11E-07
84,84,Doro,Lay Kode,Lemo,Hadiya,SNNP,Private,,0.279296,0.209689,A/R,Eucalyptus camaldulensis,"2017, 2018",2018,11300,452,0,0,0,Moderate,0,150,Silt Loam,Nil,Nil,Black,No,No,No,No,2,383139,829449,0.289258987,0.001898455,2.29E-07
23,23,Doro,Lisana Ketema,Lemo,Hadiya,SNNP,Communal,,1.324456,0.621682,A/R,No Plantation,2018,,0,0,0,0,,Nil,0,0,0,0,,,,,,,0,383129,830002,1.434792262,0.005626511,1.09E-06
28,28,Doyancho,Lisana Sena,Lemo,Hadiya,SNNP,Communal,,102.284547,4.856079,A/R,"Grevillea robusta, Cupressus lusitanica, Eucalyptus camaldulensis","2016, 2017","2016, 2017",2100,84,0,0,0,Nil (Major) to Slight,0,100 (Major) to 150,"Loamy Sand, Silt Loam, Loam",Nil,Slight to Moderate,Dark Brown,No to Low,No,No,No,2,383449,833555,105.5245849,0.043953277,8.38E-05
80,80,Dubancho,Debub Belesa,Lemo,Hadiya,SNNP,Private,,3.079313,0.668013,A/R,Eucalyptus saligna,2018,2018,4800,192,0,0,0,Nil,0,150,Silt Loam,Moderate,Moderate,Reddish Brown,No,No,No,No,2,377821,840614,3.150840817,0.006047966,2.52E-06
79,79,Dubancho,Debub Belesa,Lemo,Hadiya,SNNP,Private,,1.065632,0.409664,A/R,Eucalyptus saligna,2018,2018,4800,192,0,0,0,Nil,0,150,Silt Loam,Moderate,Moderate,Reddish Brown,No,No,No,No,2,378568,839820,1.093179438,0.00370934,8.74E-07
112,112,Egade Bobicho,Semen Belesa,Lemo,Hadiya,SNNP,Private,,0.260243,0.235913,A/R,"Eucalyptus globulus, Eucalyptus camaldulensis",2018,2018,11000,440,0,0,5,Slight,30,60,Sandy,Nil,Nil,Reddish Brown,Medium,No,No,No,3,380457,841444,0.275679073,0.002135289,2.13E-07
114,114,Egade Bobicho,Semen Belesa,Lemo,Hadiya,SNNP,Private,,0.661343,0.32683,A/R,No Plantation,2018,,0,0,0,0,0,Nil,0,,,,,,,,,,0,380471,841561,0.679742434,0.002958494,5.42E-07
113,113,Egade Bobicho,Semen Belesa,Lemo,Hadiya,SNNP,Private,,0.279811,0.24525,A/R,Eucalyptus globulus,2018,2018,3300,132,0,0,0,Moderate,0,150,Siltloam,Nil,Nil,Reddish Brown,Medium,No,No,No,2,380504,841525,0.304303714,0.002220045,2.29E-07
96,96,Endayoso,Lisana Sena,Lemo,Hadiya,SNNP,Private,,0.731054,0.359453,A/R,Eucalyptus camaldulensis,2018,2018,9600,384,0,0,0,Moderate,0,100,Silt Clay,Nil,Nil,,No,No,No,No,3,380168,835378,0.746278567,0.003253154,5.99E-07
94,94,Erero,Lisana Qusa,Lemo,Hadiya,SNNP,Private,,0.205495,0.20766,A/R,Eucalyptus camaldulensis,2016,2016,5600,224,0,0,0,Nil,0,130,Silt Loam,Nil,Nil,Black,No,No,No,No,3,379015,825124,0.207248523,0.001878935,1.68E-07
93,93,Erero,Lisana Qusa,Lemo,Hadiya,SNNP,Private,,0.74372,0.411016,A/R,Eucalyptus camaldulensis,2018,2018,5000,200,0,0,0,Slight,0,130,Silt Loam,Nil,Nil,Light Brown,No,No,No,No,3,379021,824829,0.755421409,0.003718981,6.09E-07
92,92,Erero,Lisana Qusa,Lemo,Hadiya,SNNP,Private,,0.142198,0.164423,A/R,"Cupressus lusitanica (Major), Azadirachta indica",2016,2017,1600,64,0,0,0,Slight,0,150,Silt Loam,Nil,Nil,Dark Brown,No,No,No,No,2,379551,824497,0.145295895,0.001489043,1.17E-07
107,107,Gabo,Semen Belesa,Lemo,Hadiya,SNNP,Private,,0.152472,0.189918,A/R,Eucalyptus camaldulensis,2018,2018,7600,304,0,0,0,Slight,0,100,Loam,Nil,Nil,Reddish Brown,No,No,No,No,3,381218,840114,0.159335638,0.001720033,1.25E-07
106,106,Gabo,Semen Belesa,Lemo,Hadiya,SNNP,Private,,0.251214,0.222712,A/R,Eucalyptus camaldulensis,2018,2018,17700,708,0,0,0,Slight,0,100,Loamy Sand,Nil,Moderate Flood,Black,Low,No,No,No,2,381601,840075,0.276886957,0.002017552,2.06E-07
48,48,Gabo,Anabelesa,Lemo,Hadiya,SNNP,Private,,0.062925,0.107331,A/R,No Plantation,2018,,0,0,0,0,0,Nil,0,,,,,,,,,,0,380989,839309,0.06389366,0.000972185,5.16E-08
63,63,Gabo,Anabelesa,Lemo,Hadiya,SNNP,Private,,0.072193,0.112084,A/R,Eucalyptus camaldulensis,2018,2018,26500,1060,0,0,0,Moderate,0,150,Clay Loam,Nil,Moderate Flood,Reddish Brown,No,No,No,No,2,381083,839720,0.072697324,0.001015033,5.92E-08
62,62,Gabo,Anabelesa,Lemo,Hadiya,SNNP,Private,,0.07262,0.115251,A/R,Eucalyptus camaldulensis,2018,2018,28400,1136,0,0,0,Moderate,0,150,Clay Loam,Nill,Moderate Flood,Black,Low,No,Low,No,2,381029,839685,0.074118403,0.001043127,5.95E-08
61,61,Gabo,Anabelesa,Lemo,Hadiya,SNNP,Private,,0.126465,0.143108,A/R,Eucalyptus camaldulensis,2018,2018,10400,416,0,0,0,Moderate,0,150,Clay Loam,Nil,Moderate Flood,Black,No,No,No,No,2,381011,839567,0.129838587,0.001295829,1.04E-07
60,60,Gabo,Anabelesa,Lemo,Hadiya,SNNP,Private,,0.125058,0.145209,A/R,Eucalyptus camaldulensis,2018,2018,20600,824,0,0,0,Slight,5,100,Silt Loam,Nill,Moderate Flood,Black,No,No,No,No,2,381015,839597,0.127996581,0.001315069,1.03E-07
59,59,Gabo,Anabelesa,Lemo,Hadiya,SNNP,Private,,0.09706,0.143024,A/R,Eucalyptus camaldulensis,2018,2018,18800,752,0,0,0,Nil,0,100,,,Moderate Flood,Red,Low,No,No,No,3,381462,838095,0.098412417,0.001295618,7.96E-08
77,77,Gombora,Ashe Kubayega,Lemo,Hadiya,SNNP,Private,,0.356809,0.248574,A/R,Eucalyptus globulus,2018,2018,22500,900,0,0,0,Slight,0,,,Nil,Nil,Brown,No,No,No,No,0,367496,831808,0.366764495,0.00225008,2.92E-07
13,13,Gombora,Lambuda,Lemo,Hadiya,SNNP,Communal,,52.493652,6.918968,A/R,"Acacia decurrens, Eucalyptus globulus",2018,2018,900,36,0,0,2,Moderate,0 to 15,100 to 130,Sandy Loam,Nil,Nil to Slight,Reddish Brown,No,No to Medium,High,Low,3,369480,840026,55.10414617,0.062648121,4.30E-05
88,88,Got 02,Lereba,Lemo,Hadiya,SNNP,Private,,1.748945,0.69729,A/R,Eucalyptus globulus,2018,2018,8100,324,0,0,0,Moderate,0,150,Silt Loam,Nil,Nil,Reddish Brown,No,No,Low,No,2,371301,829600,1.818356149,0.006312915,1.43E-06
20,20,Got 02,Lereba,Lemo,Hadiya,SNNP,Communal,,28.814809,2.468495,A/R,Eucalyptus globulus,2018,2018,1600,64,0,0,2 to 5,Moderate,0,50 to 60,Clay,Terracig to Eyebrow,Soil Erosion,Reddish Brown,Medium to Dense,No,No to High,No,4,376454,831248,29.62337379,0.022344902,2.36E-05
87,87,Got 05,Lereba,Lemo,Hadiya,SNNP,Private,,0.077335,0.118351,A/R,Eucalyptus globulus,2018,2018,6200,248,0,0,0,Moderate,0,150,Clay Loam,Nil,Slight Flood,Reddish Brown,No,No,No,No,2,376158,831065,0.080453863,0.001071158,6.34E-08
86,86,Got 05,Lereba,Lemo,Hadiya,SNNP,Private,,0.049878,0.101388,A/R,Eucalyptus globulus,2018,2018,12500,500,0,0,0,Moderate,0,150,Clay Loam,Nil,Nil,Reddish Brown,No,No,No,No,2,376177,831182,0.051224927,0.000917507,4.09E-08
81,81,Guder,Haise,Lemo,Hadiya,SNNP,Private,,0.581018,0.445154,A/R,Eucalyptus saligna,2017,2017,5600,224,0,0,0,Slight,0,150,Silt Loam,Nil,Slight,Light Brown,No,No,No,No,2,377157,826092,0.593070605,0.004030583,4.76E-07
116,116,Guder,Shurmo and Dubancho,Lemo,Hadiya,SNNP,Private,,14.045196,2.061238,A/R,Eucalyptus globulus,2018,2018,7000,280,0,0,2,Nil,25,100,Sandy Loam,Nil,Slight Erosion,Reddish Brown,No,No,No,No,3,377781,843108,14.40471706,0.018655097,1.15E-05
16,16,Guder,Haise,Lemo,Hadiya,SNNP,Communal,,5.268579,1.91299,A/R,Eucalyptus saligna,2018,2018,2300,92,0,0,0,Slight,0 to 50,95 to 140,"Silt Loam, Clay Loam",No to Very Much,Slight to Moderate,"Reddish Brown, Brown",No,No,No,No,3,377286,825886,5.39282619,0.01731726,4.32E-06
15,15,Guder,Haise,Lemo,Hadiya,SNNP,Communal,,73.818227,5.190747,A/R,"Eucalyptus camaldulensis, Eucalyptus globulus, Acacia decurrens",2016,2016,2200,88,0,0,0,Slight,0 to 20,110 to 145,Silt Loam,Nil,Nil,"Reddish Brown, Brown",No,No,No,No,3,376935,827449,75.61973941,0.046995132,6.05E-05
1,1,Guder,Ajo Taisa,Lemo,Hadiya,SNNP,Communal,,13.625352,2.817947,A/R,Cupressus lusitanica,2016,2017,1700,68,0,0,0,Moderate,0,140 to 145,"Silt Loam, Clay Loam",Slight to Moderate,Nil,"Dark Brown, Black",No,No,No,No,2,380522,831866,13.84230468,0.025524303,1.12E-05
32,32,Guder,Tach Kode,Lemo,Hadiya,SNNP,Communal,,20.663563,2.538346,A/R,"Cupressus lusitanica, Grevillea robusta, Eucalyptus saligna",2016,2016,1900,76,0,0,0,Slight,0,140 to 150,Silt Loam,Nil,Nil,Dark Brown,No,No,No,No,3,377414,826785,21.33363449,0.022979652,1.69E-05
18,18,Guder,Lay Kode,Lemo,Hadiya,SNNP,Communal,,1.477909,0.841614,A/R,Eucalyptus camaldulensis,2016,2018,2000,80,0,0,0,Moderate,0,150,Silt Loam,Slight to Trenches,Nil,Black,Dense,Medium,Medium,No,2,378190,830243,1.516619801,0.007613036,1.21E-06
119,119,Gundo,Tach Ambicho,Lemo,Hadiya,SNNP,Private,,0.17188,0.17994,A/R,Eucalyptus saligna,2018,2018,8600,344,0,0,0,Moderate,0,100,Heavy Clay,Nil,Land Crack,,No,No,No,No,3,376717,832995,0.176015166,0.001629264,1.41E-07
118,118,Gundo,Tach Ambicho,Lemo,Hadiya,SNNP,Private,,0.308338,0.231853,A/R,Eucalyptus saligna,2018,2018,9100,364,0,0,0,Moderate,0,70,Sandy Clay Loam,Nil,Soil Erosion,,,,,,5,376817,832679,0.314102419,0.002099199,2.53E-07
53,53,Gurje,Anabelesa,Lemo,Hadiya,SNNP,Private,,0.500632,0.292896,A/R,Eucalyptus saligna,2018,2018,12500,500,0,0,0,Nil,0,150,Clay Loam,Nil,Nil,Dark Brown,Low,No,No,No,2,380600,837947,0.508687557,0.002652746,4.10E-07
52,52,Gurje,Anabelesa,Lemo,Hadiya,SNNP,Private,,1.381248,0.550259,A/R,Eucalyptus saligna,2018,2018,10700,428,0,0,0,Slight,0,150,Clay Loam,Slight,Slight,Dark Brown,Low,No,No,No,2,380938,838289,1.396919999,0.004984939,1.13E-06
51,51,Gurje,Anabelesa,Lemo,Hadiya,SNNP,Private,,3.042205,0.836026,A/R,Eucalyptus saligna,2018,2018,10700,428,0,0,0,Slight,0,150,Clay Loam,Slight,Slight,Dark Brown,Low,No,No,No,2,380640,838122,3.085934102,0.007569612,2.49E-06
50,50,Gurje,Anabelesa,Lemo,Hadiya,SNNP,Private,,1.022952,0.405042,A/R,Eucalyptus saligna,2018,2018,10700,428,0,0,0,Slight,0,150,Clay Loam,Slight,Slight,Dark Brown,Low,No,No,No,2,380666,838009,1.035998106,0.003667672,8.39E-07
49,49,Gurje,Anabelesa,Lemo,Hadiya,SNNP,Private,,0.115053,0.152995,A/R,No Plantation,2018,,0,0,0,0,0,Nil,0,,,,,,,,,,0,380976,839386,0.118089505,0.001385753,9.43E-08
47,47,Gurje,Anabelesa,Lemo,Hadiya,SNNP,Private,,0.298116,0.261415,A/R,No Plantation,2018,,0,0,0,0,0,Nil,0,,,,,,,,,,0,380982,839331,0.300165415,0.002368464,2.44E-07
34,34,Habaga,Ajo Taisa,Lemo,Hadiya,SNNP,Private,,0.42573,0.280467,A/R,Eucalyptus globulus,2017,2018,2000,80,0,0,0,Moderate,0,100,Silt Loam,Slight,Nil,Dark Brown,No,No,No,No,2,383218,831533,0.444051776,0.002539828,3.49E-07
122,122,Hitancho,Tach Kode,Lemo,Hadiya,SNNP,Communal,,64.759381,4.299713,A/R,Eucalyptus saligna,2018,2018,3400,136,0,0,0,Moderate,0,150,Clay Loam,Nil,Slight Erosion,Dark Brown,No,No,No,No,2,377982,827805,67.20217564,0.03892638,5.31E-05
31,31,Homancho,Tach Kode,Lemo,Hadiya,SNNP,Communal,,22.947403,1.782424,A/R,"Eucalyptus saligna, Acacia decurrens",2018,2018,1700,68,0,0,0 to 80,Nil to Slight,0 to 50,5 to 80,"Clayloam, Heavy Clay",Nil,Severe Erosion,"Yellowish Brown, Dark Brown",No,No to Medium,Low to Medium,Low,5,382407,827432,23.68053796,0.016135677,1.88E-05
8,8,Jafara,Ashe Kubayega,Lemo,Hadiya,SNNP,Communal,,9.072941,1.438724,A/R,Eucalyptus globulus,2018,2018,1300,52,0,0,7 to 15,Moderate,0,20,Silt Loam,Nil to Slight,Slight Erosion,Brown,No,No,No,No,5,364131,833233,10.24141973,0.013020782,7.44E-06
121,121,Jagorausa,Tach Kode,Lemo,Hadiya,SNNP,Private,,0.422895,0.2741,A/R,Eucalyptus saligna,2018,2018,3400,136,0,0,0,Moderate,0,150,Clay Loam,Nil,Slight Erosion,Dark Brown,No,No,No,No,2,378107,828662,0.426054686,0.002481791,3.47E-07
120,120,Jagorausa,Tach Kode,Lemo,Hadiya,SNNP,Private,,0.474637,0.288829,A/R,Eucalyptus camaldulensis,2017,2017,9400,376,0,0,0,Slight,0,120,Clay Loam,Slight,Slight Erosion,Dark Brown,No,No,No,No,2,377821,828747,0.492680791,0.002615541,3.89E-07
83,83,Jewe,Jewe,Lemo,Hadiya,SNNP,Private,,0.16071,0.175024,A/R,Eucalyptus camaldulensis,2018,2018,8000,320,0,0,0,Moderate,0,150,Clay Loam,Nil,Nil,Brown,Low,No,No,No,2,367323,830894,0.16408957,0.001583747,1.32E-07
29,29,Kalada,Lisana Sena,Lemo,Hadiya,SNNP,Communal,,7.86884,2.178438,A/R,Eucalyptus camaldulensis,2017,2017,1800,72,0,0,0,Nil,0,150,"Loamy Sand, Loam",Nil to Moderate,Nil to Moderate,Reddish Brown,No,No,No,No,2,383354,835346,8.365899098,0.019719072,6.45E-06
33,33,Karo,Anabelesa,Lemo,Hadiya,SNNP,Communal,,0.143994,0.216656,A/R,Eucalyptus camaldulensis,2018,2018,2000,80,0,0,0,Moderate,0,150,Silt Loam,Nil,Nil,Light Brown,Medium,No,No,No,2,383281,840085,0.152285025,0.00196045,1.18E-07
58,58,Karo,Anabelesa,Lemo,Hadiya,SNNP,Private,,0.143569,0.197504,A/R,Eucalyptus camaldulensis,2018,2018,7200,288,0,0,0,Moderate,0,100,Silt Loam,Nil,Nil,Red,Dense,No,High,No,3,383646,840438,0.144769532,0.001787723,1.18E-07
54,54,Koshe,Anabelesa,Lemo,Hadiya,SNNP,Private,,0.232646,0.21196,A/R,Eucalyptus saligna,2017,2017,16700,668,0,0,0,Moderate,0,150,Loam,Nil,Nil,Black,No,No,No,No,2,380510,836471,0.233260154,0.001918493,1.91E-07
7,7,Kubayega,Ashe Kubayega,Lemo,Hadiya,SNNP,Communal,,7.971075,1.281586,A/R,Eucalyptus globulus,2018,2018,1300,52,0,0,7 to 15,Moderate,0,20,Silt Loam,Nil to Slight,Slight Erosion,Brown,No,No,No,No,5,364330,833318,8.440512256,0.011600515,6.53E-06
78,78,Lagamo,Debub Belesa,Lemo,Hadiya,SNNP,Private,,0.196826,0.1971,A/R,No Plantation,2018,,0,0,0,0,0,Nil,0,,,,,,,,,,0,378549,839749,0.201876465,0.001784974,1.61E-07
46,46,Lagamo,Ambicho Gode,Lemo,Hadiya,SNNP,Private,,0.317578,0.227517,A/R,Eucalyptus saligna,2018,2018,11700,468,0,0,0,Nil,0,150,Clay Loam,Nil,Nil,Dark Brown,No,No,No,No,2,377420,838158,0.327168193,0.002059392,2.60E-07
45,45,Lagamo,Ambicho Gode,Lemo,Hadiya,SNNP,Private,,0.431323,0.261912,A/R,Eucalyptus saligna,2018,2018,11700,468,0,0,0,Nil,0,150,Clay Loam,Nil,Nil,Dark Brown,No,No,No,No,2,377360,838146,0.44959961,0.002371555,3.54E-07
14,14,Lemeja,Gora Tume,Lemo,Hadiya,SNNP,Communal,,4.983849,1.343233,A/R,"Acacia decurrens, Eucalyptus globulus",2018,2018,900,36,0,0,2,Moderate,0 to 15,100 to 130,Sandy Loam,Nil,Nil to Slight,Reddish Brown,No,No to Medium,High,Low,3,369517,839640,5.303645864,0.012163526,4.09E-06
4,4,Lemeja,Alela,Lemo,Hadiya,SNNP,Communal,,14.683037,2.06577,A/R,Eucalyptus globulus,2018,2018,1300,52,0,0,0,Moderate,0,100,Silt Loam,Moderate,Nil,Reddish Brown,No,No,No,No,3,367725,831800,15.09534645,0.018702967,1.20E-05
41,41,Lemeja,Alela,Lemo,Hadiya,SNNP,Private,,0.1582,0.167139,A/R,Eucalyptus globulus,2018,2018,2500,100,0,0,0,Nil,0,100,Sandy Clay Loam,Nil,Nil,Reddish Brown,No,No,No,No,2,368547,831733,0.159486654,0.001513458,1.30E-07
40,40,Lemeja,Alela,Lemo,Hadiya,SNNP,Private,,0.647222,0.416474,A/R,Eucalyptus globulus,2018,2018,2000,80,0,0,0,Moderate,0,100,Silty Clay,Moderate,Nil,Reddish Brown,No,No,No,No,3,368972,832334,0.657088364,0.003770134,5.30E-07
39,39,Lemeja,Alela,Lemo,Hadiya,SNNP,Private,,0.850332,0.421436,A/R,Eucalyptus globulus,2018,2018,2300,92,0,0,0,Nil,0,100,Sandy Clay Loam,Nil,Nil,Reddish Brown,No,No,No,No,2,368470,831644,0.872414955,0.003816074,6.97E-07
38,38,Lemeja,Alela,Lemo,Hadiya,SNNP,Private,,0.778621,0.4114,A/R,Eucalyptus globulus,2018,2018,2200,88,0,0,0,Moderate,0,100,Silt Loam,Moderate,Nil,Reddish Brown,No,No,No,No,3,368051,832229,0.815245272,0.003725374,6.38E-07
71,71,Linche,Anabelesa,Lemo,Hadiya,SNNP,Private,,0.192856,0.251254,A/R,Eucalyptus camaldulensis,2018,2018,5000,200,0,0,0,Moderate,0,100,Loamy Sand,Slight,Moderate Flood,Black,No,No,No,No,3,381897,838865,0.196633375,0.002276139,1.58E-07
70,70,Linche,Anabelesa,Lemo,Hadiya,SNNP,Private,,0.260492,0.259904,A/R,Eucalyptus camaldulensis,2018,2018,5000,200,0,0,0,Moderate,0,100,Loamy Sand,Slight,Moderate Flood,Black,No,No,No,No,3,381806,838884,0.262652038,0.002353979,2.14E-07
69,69,Linche,Anabelesa,Lemo,Hadiya,SNNP,Private,,0.118874,0.161843,A/R,Eucalyptus camaldulensis,2018,2018,5000,200,0,0,0,Moderate,0,100,Loamy Sand,Slight,Moderate Flood,Black,No,No,No,No,3,381803,838931,0.119131369,0.00146585,9.74E-08
68,68,Linche,Anabelesa,Lemo,Hadiya,SNNP,Private,,0.128657,0.150393,A/R,Eucalyptus camaldulensis,2018,2018,16400,656,0,0,0,Moderate,0,100,Silt Loam,Moderate,Moderate Flood,Red,No,No,No,No,3,380781,838667,0.12925997,0.001361412,1.05E-07
67,67,Linche,Anabelesa,Lemo,Hadiya,SNNP,Private,,0.145534,0.192454,A/R,No Plantation,2018,,0,0,0,0,0,Nil,0,,,,,,,,,,0,381669,838903,0.151169297,0.001743425,1.19E-07
66,66,Linche,Anabelesa,Lemo,Hadiya,SNNP,Private,,0.073768,0.121396,A/R,Eucalyptus camaldulensis,2018,2018,11900,476,0,0,0,Moderate,0,150,Loamy Sand,Nil,Moderate Flood,Dark Brown,Low,No,No,No,2,380790,838644,0.074176996,0.001099597,6.05E-08
65,65,Linche,Anabelesa,Lemo,Hadiya,SNNP,Private,,1.338876,0.516199,A/R,No Plantation,2018,,0,0,0,0,0,Nil,0,,,,,,,,,,0,382001,838827,1.40884493,0.004674345,1.10E-06
64,64,Linche,Anabelesa,Lemo,Hadiya,SNNP,Private,,0.065418,0.103916,A/R,Eucalyptus camaldulensis,2018,2018,8400,336,0,0,0,Moderate,0,150,Silt Loam,Nil,Nil,Reddish Brown,Low,No,Low,No,2,380843,838753,0.065482424,0.000940698,5.36E-08
57,57,Linche,Anabelesa,Lemo,Hadiya,SNNP,Private,,0.385564,0.392887,A/R,Eucalyptus camaldulensis,2018,2018,4200,168,0,0,0,Moderate,0,150,Light Clay,Nil,Moderate,Red,No,No,No,No,2,381545,838886,0.395539329,0.003559608,3.16E-07
56,56,Linche,Anabelesa,Lemo,Hadiya,SNNP,Private,,0.234715,0.195392,A/R,Eucalyptus saligna,2018,2018,9800,392,0,0,0,Nil,0,150,Silt Loam,Nil,Nil,Dark Brown,No,No,No,No,2,381705,838242,0.239936568,0.001769075,1.92E-07
55,55,Linche,Anabelesa,Lemo,Hadiya,SNNP,Private,,0.356288,0.331353,A/R,Eucalyptus saligna,2018,2018,11600,464,0,0,0,Moderate,0,150,Silt Loam,Moderate,Moderate,Reddish Brown,No,No,No,No,2,381940,838385,0.359591842,0.003000402,2.92E-07
12,12,Mino and Achamincha,Gora Tume,Lemo,Hadiya,SNNP,Communal,,74.572235,6.794867,A/R,"Eucalyptus saligna, Eucalyptus globulus",2018,2018,2200,88,0,0,0 to 25,Moderate,10 to 30,75 to 100,"Sandy Loam, Clay Loam",Nil to Very Much,Slight,Reddish Brown,No to Low (Low),No to Low (Major),No,No,3,370341,837261,76.96207403,0.061511456,6.11E-05
123,123,Moramo,Tach Kode,Lemo,Hadiya,SNNP,Private,,1.064055,0.508212,A/R,No Plantation,2017,,0,0,0,0,0,Nil,0,,,,,,,,,,0,377229,828269,1.096662851,0.00460324,8.72E-07
10,10,Osoya,Digiba,Lemo,Hadiya,SNNP,Communal,,12.450987,1.79061,A/R,"Eucalyptus globulus, Acacia decurrens, Eucalyptus camaldulensis","2017, 2018","2017, 2018",1600,64,0,0,0,Moderate,0,85 to 90,Silt Loam,Slight to Moderate,Slight,Reddish Brown,No,No,Low,No,3,363109,830064,12.92923081,0.016214493,1.02E-05
105,105,Qussa,Qalisha,Lemo,Hadiya,SNNP,Private,,0.287437,0.284058,A/R,Eucalyptus globulus,2018,2018,4800,192,0,0,0,Moderate,0,100,Sandy Loam,Nil,Slight,,Low,No,Medium,No,3,375542,836927,0.323692985,0.002572591,2.36E-07
104,104,Qussa,Qalisha,Lemo,Hadiya,SNNP,Private,,0.051688,0.088949,A/R,Eucalyptus camaldulensis,2017,2017,7400,296,0,0,0,Moderate,0,150,Sandy Loam,Nil,Nil,,No,No,No,No,2,375601,836929,0.055610924,0.000805252,4.24E-08
103,103,Qussa,Qalisha,Lemo,Hadiya,SNNP,Private,,1.747251,0.669273,A/R,Eucalyptus globulus,2017,2017,2400,96,0,0,0,Moderate,0,100,Sandy Loam,Nil,Nil,,No,No,Low,No,3,375633,836225,1.829596629,0.006060837,1.43E-06
102,102,Qussa,Qalisha,Lemo,Hadiya,SNNP,Private,,0.417275,0.267301,A/R,Eucalyptus globulus,2018,2018,3600,144,0,0,0,Moderate,0,150,Sandy Loam,Nil,Nil,,No,No,Medium,No,2,375705,836160,0.441782092,0.002419908,3.42E-07
101,101,Qussa,Qalisha,Lemo,Hadiya,SNNP,Private,,0.212945,0.233603,A/R,Eucalyptus globulus,2018,2016,7900,316,0,0,0,Moderate,0,98,Sandy Loam,Nil,Slight Erosion,,No,No,Low,No,3,375746,836117,0.219303077,0.002114573,1.75E-07
100,100,Qussa,Qalisha,Lemo,Hadiya,SNNP,Private,,0.259804,0.259642,A/R,Eucalyptus globulus,2018,2018,3100,124,0,0,0,Slight,0,100,Sandy Loam,Nil,Slight Erosion,,No,No,Medium,No,3,375820,836107,0.263884837,0.00235122,2.13E-07
99,99,Qussa,Qalisha,Lemo,Hadiya,SNNP,Private,,0.178275,0.167023,A/R,Eucalyptus globulus,2018,2018,5200,208,0,0,0,Nil,0,,,,,,,,,,0,375716,836083,0.184039863,0.001512367,1.46E-07
98,98,Qussa,Qalisha,Lemo,Hadiya,SNNP,Private,,0.687573,0.361132,A/R,Eucalyptus globulus,2018,2017,6200,248,0,0,0,Moderate,0,110,Silt Loam,Nil,Slight Erosion,,No,No,No,No,2,375775,836007,0.698215536,0.003270915,5.64E-07
82,82,Sale Dekeye,Jewe,Lemo,Hadiya,SNNP,Private,,0.193216,0.240819,A/R,Grevillea robusta,2018,2018,1000,40,0,0,0,Moderate,0,100,Sandy Loam,Nil,Slight,Black,No,No,No,No,3,367288,830854,0.196270063,0.002178819,1.58E-07
17,17,Sale Dekeye,Jewe,Lemo,Hadiya,SNNP,Private,,1.606466,0.785223,A/R,Eucalyptus camaldulensis,2018,2018,1500,60,0,0,0,Moderate,0,150,Silt Loam,Nil,Nil,Black,No,No,No,No,2,367325,829434,1.639389286,0.007105212,1.32E-06
22,22,Sembate,Lisana Ketema,Lemo,Hadiya,SNNP,Communal,,1.083004,0.605714,A/R,Eucalyptus globulus,"2016, 2017","2016, 2017",1900,76,0,0,0,Moderate,0 to 6,100 to 135,"Silloam, Clay Loam",Nil to Very Much,Nil to Slight Flood,Dark Brown,No,No,Low,No,2,382957,830304,1.126578114,0.005484163,8.88E-07
21,21,Sembate,Lisana Ketema,Lemo,Hadiya,SNNP,Communal,,18.829617,1.87491,A/R,"Cupressus lusitanica, Eucalyptus camaldulensis","2016, 2017","2016, 2017",2100,84,0,0,0,Moderate,0 to 25,100 to 150,"Sandy Loam, Silt Loam",Nil,Slight Flood,"Reddish Brown, Brown",No to Low and Dense,No,No,No,3,383935,830262,19.19933957,0.016971379,1.54E-05
26,26,Sengita,Lisana Qusa,Lemo,Hadiya,SNNP,Communal,,9.035317,1.337947,A/R,Eucalyptus camaldulensis,2016,2016,2000,80,0,0,0,Slight,0,110 to 120,Silt Loam,Nil,Nil to Moderate,Light Brown,No,No,No,No,3,377819,825593,9.256846436,0.012112419,7.40E-06
72,72,Shubucho,Ashe Kubayega,Lemo,Hadiya,SNNP,Private,,0.801237,0.533172,A/R,Eucalyptus globulus,2018,2018,2500,100,0,0,20,Moderate,0,20,Silty Loam,Nil,Moderate Erosion,Reddish Brown,No,No,No,No,6,364933,831250,0.817540452,0.004826345,6.57E-07
125,125,Shubucho,Ashe Kubayega,Lemo,Hadiya,SNNP,Private,,7.350721,1.339905,A/R,Eucalyptus globulus,2018,2018,2500,100,0,0,13,Moderate,0,20,Silty Loam,Nil,Moderate Erosion,Reddish Brown,No,No,No,No,6,365028,831175,7.551682787,0.012129349,6.02E-06
2,2,Simbate,Ajo Taisa,Lemo,Hadiya,SNNP,Communal,,176.527584,8.8893,A/R,Eucalyptus globulus,2016-2018,2016-2018,1900,76,0,0,0,Moderate,0 (Major) to 5,90 to 150 (Major),"Sandy Loam, Silt Loam (Major), Clay Loam",Nil to Minor Slight,Nil,"Dark Brown, Black",No,No,No,No,3,384039,831924,182.0848178,0.080450304,0.000144693
3,3,Taisa,Ajo Taisa,Lemo,Hadiya,SNNP,Communal,,24.710048,2.579863,A/R,Eucalyptus globulus,2016,2016,1700,68,0,0,0,Moderate,10 to 20,95,Silt Loam,Nil,Nil,"Reddish Brown, Brown",No,No,No,No,3,383553,832334,25.54910438,0.02335074,2.03E-05
11,11,Tume,Gora Tume,Lemo,Hadiya,SNNP,Communal,,22.137142,3.167621,A/R,"Eucalyptus globulus, Acacia decurrens",2018,2018,1900,76,0,0,0,Slight to Moderate,0,90 to 130,Sandy Loam,Nil,Slight to Moderate,"Reddish Brown, Brown",No to Low,Medium,High,Low,3,370812,838862,22.7396635,0.028678402,1.81E-05
111,111,Tumido,Semen Belesa,Lemo,Hadiya,SNNP,Private,,1.206643,0.586235,A/R,Eucalyptus saligna,2018,2018,6000,240,0,0,0,Moderate,0,50,Loam,Nil,Moderateflood,Red,No,No,No,No,4,381875,841455,1.273816641,0.00531022,9.89E-07
110,110,Tumido,Semen Belesa,Lemo,Hadiya,SNNP,Private,,0.187786,0.206681,A/R,Eucalyptus saligna,2018,2018,6000,240,0,0,0,Moderate,0,50,Loam,Nil,Moderateflood,Red,No,No,No,No,4,381991,841284,0.207572885,0.001871097,1.54E-07
109,109,Tumido,Semen Belesa,Lemo,Hadiya,SNNP,Private,,0.06522,0.106217,A/R,Eucalyptus saligna,2018,2018,10200,408,0,0,2,Slight,20,60,Loamy Sand,Nil,Slight Erosion,Red,Low,No,No,No,3,382038,841127,0.066909109,0.000961666,5.35E-08
108,108,Tumido,Semen Belesa,Lemo,Hadiya,SNNP,Private,,0.09054,0.139417,A/R,Eucalyptus camaldulensis,2018,2018,6400,256,0,0,0,Moderate,0,150,Loam,Nil,Nil,Black,Medium,No,No,No,2,380874,840769,0.091703917,0.001261518,7.42E-08
124,124,Tumido,Semen Belesa,Lemo,Hadiya,SNNP,Private,,3.095933,0.74147,A/R,Cupressus lusitanica,2018,2018,2200,88,0,0,0,Moderate,0,150,Silt,Nil,Nil,Reddish Brown,No,No,No,No,2,381078,841525,3.131409112,0.006714188,2.54E-06
97,97,Unfuri,Omoshora,Lemo,Hadiya,SNNP,Private,,4.086848,0.945094,A/R,Eucalyptus globulus,2018,2018,4500,180,0,0,0,Moderate,0,80 to 100,Clay Loam,Nil,Slight Flood,,No,No,No to High,No,3,367672,822097,4.156670125,0.008557821,3.35E-06
37,37,Washo'o,Ajo Taisa,Lemo,Hadiya,SNNP,Private,,0.578622,0.3583,A/R,Eucalyptus camaldulensis,2018,2018,2300,92,0,0,0,Moderate,0,145,Silt Loam,Slight,Nil,Dark Brown,No,No,No,No,2,383358,832431,0.59658371,0.003244716,4.74E-07
36,36,Washo'o,Ajo Taisa,Lemo,Hadiya,SNNP,Private,,0.7802,0.373521,A/R,Eucalyptus globulus,2018,2018,2500,100,0,0,0,Moderate,0,150,Silt Loam,Nil,Nil,Dark Brown,No,No,No,No,1,383201,832147,0.804051175,0.00338174,6.39E-07
35,35,Washo'o,Ajo Taisa,Lemo,Hadiya,SNNP,Private,,0.131523,0.186113,A/R,Eucalyptus saligna,2018,2018,2400,96,0,0,0,Moderate,0,100,Silt Loam,Moderate,Nil,Reddish Brown,No,No,No,No,2,383259,832030,0.133836569,0.001684779,1.08E-07
